<?xml version="1.0" encoding="UTF-8"?>
<project-private xmlns="http://www.netbeans.org/ns/project-private/1">
    <editor-bookmarks xmlns="http://www.netbeans.org/ns/editor-bookmarks/2" lastBookmarkId="0"/>
    <open-files xmlns="http://www.netbeans.org/ns/projectui-open-files/2">
        <group>
            <file>file:/D:/STMIK%20Sistem%20Informasi%20Semester%205/Java%20Web%20Program/TugasKasJava/web/index.html</file>
            <file>file:/D:/STMIK%20Sistem%20Informasi%20Semester%205/Java%20Web%20Program/TugasKasJava/src/java/server/mahasiswa/MahasiswaKas.java</file>
            <file>file:/D:/STMIK%20Sistem%20Informasi%20Semester%205/Java%20Web%20Program/TugasKasJava/src/java/server/mahasiswa/KoneksiMySQL.java</file>
            <file>file:/D:/STMIK%20Sistem%20Informasi%20Semester%205/Java%20Web%20Program/TugasKasJava/src/java/server/mahasiswa/mahasiswa.java</file>
            <file>file:/D:/STMIK%20Sistem%20Informasi%20Semester%205/Java%20Web%20Program/TugasKasJava/src/java/server/mahasiswa/TugasKasJavaidfi.java</file>
        </group>
    </open-files>
</project-private>
